Judul,Tanggal,Link,Konten
Jabar Hari Ini: Miras Oplosan Tewaskan Warga hingga Pria Tewas dengan Luka Tusuk, 30 Okt 2023 22:00 ,https://www.detik.com/jabar/berita/d-7010362/jabar-hari-ini-miras-oplosan-tewaskan-warga-hingga-pria-tewas-dengan-luka-tusuk,"Beragam peristiwa terjadi di Jawa Barat (Jabar) hari ini, Senin (30/10/2023). Mulai dari belasan warga tewas usai tenggak miras oplosan di Subang hingga pria di Baleendah tewas mengenaskan usai di tusuk.Berikut rangkuman Jabar hari ini:Sebanyak 11 warga Kabupaten Subang tewas usai menenggak minuman keras atau miras. Mereka menenggak miras diduga oplosan usai mendatangi acara pernikahan.SCROLL TO CONTINUE WITH CONTENTKapolres Subang AKBP Ariek Indra Sentanu mengatakan, usai mendatangi pesta pernikahan pada Minggu (29/10) malam, mereka langsung membeli miras di warung yang berada di wilayah Kecamatan Jalancagak, Subang.""Kronologi awal penyebabnya karena ada acara pernikahan selesai pukul 9 malam. Kemudian setelah selesai acara pernikahan mereka bergeser untuk pesta miras. Dampaknya dari tengah malam sampai subuh sampai pagi tadi,"" ujar Ariek di Subang, Senin (30/10/2023).Menurut Ariek, setelah pihaknya mendapatkan laporan adanya insiden tersebut langsung melakukan olah TKP. Dari hasil olah TKP, penjual miras yang diduga oplosan tersebut pun melarikan diri.""Kami sudah melakukan olah TKP, kami langsung dalam pengejaran yang diduga sebagai pengoplos sedang kami upayakan untuk kami tangkap,"" katanya.Tidak butuh lama, penjual minuman keras (miras) yang merenggut 11 nyawa warga Kabupaten Subang, Jawa Barat, akhirnya ditangkap polisi. Penjual miras yang melarikan diri dan ditangkap polisi di wilayah Setiabudi, Bandung.""Sudah kami tangkap untuk penjual mirasnya tadi di wilayah Setiabudi, Bandung,"" ujar Kapolres Subang AKBP Indra Sentanu Ariek saat dikonfirmasi detikJabar, Senin (30/10/2023).Ariek mengatakan, kini penjual miras diduga oplosan yang berinisial N warga Subang tersebut masih dalam perjalanan menuju Subang.""Sekarang masih dalam perjalanan menuju Polres. Akan kami rilis langsung hari ini. Ini merupakan komitmen dan keseriusan saya dan jajaran Polres Subang mengungkap langsung insiden ini,"" katanya.Seorang remaja asal Garut, Entis Sutisna menjadi perbincangan usai kisahnya dibagikan di media sosial. Remaja berumur 15 tahun ini, rela menghabiskan waktunya demi merawat ibu yang mengalami gangguan jiwa.Kisah Entis, baru-baru ini ramai diperbincangkan setelah dibagikan warganet di media sosial. Entis dinarasikan mengurus ibunya yang mengalami gangguan jiwa hingga rela putus sekolah.Aksi Entis saat menyuapi ibunya makan, juga ramai jadi perbincangan. Belakangan diketahui, jika Entis adalah orang Garut. Rumahnya berada di kawasan Mekarjaya, Kecamatan Tarogong Kaler, Garut.Entis berbincang dengan detikJabar di rumahnya, Senin (30/10/2023) siang. Kepada detikJabar, Entis membagikan momen-momen saat merawat ibu di rumah.""Sudah sejak dua tahun terakhir merawat ibu. Ibu sakit jadi saya harus jaga karena kakak kerja,"" kata Entis.Entis adalah anak kedua dari Siti Salamah (49) dan Agus. Kakaknya, Mahdar, bekerja sebagai kernet kendaraan angkutan sayur. Sementara sang ayah, meninggal dunia dua tahun lalu.Siti diketahui mengalami gangguan kejiwaan dua tahun lalu, setelah ditinggal sang suami. Sejak saat itu, Siti kerap bertingkah aneh ketika penyakitnya menjadi.Akibatnya, Mahdar dan Entis harus meluangkan waktu untuk merawatnya. Lantaran Mahdar bekerja untuk menghidupi mereka, Entis lah yang harus mengalah.""Berhenti sekolah untuk rawat ibu,"" katanya.Ganjar Pranowo berniat menggandeng mantan Gubernur Jawa Barat Ridwan Kamil masuk ke struktur Tim Pemenangan Nasional (TPN) Ganjar-Mahfud Md. Golkar pun berkeyakinan Kang Emil tidak akan mengkhianati kesepakatan partai yang sudah mengusung Prabowo Subianto-Gibran Rakabuming Raka.""Saya yakin Pak Ridwan Kamil akan konsisten dalam barisan pendukung Prabowo-Gibran,"" kata Ketua DPD Partai Golkar Jabar Ace Hasan Syadzili, Senin (30/10/2023).Ace mengungkap, Kang Emil sudah ditugaskan Golkar untuk memenangkan Prabowo-Gibran. Apalagi menurut Ace, RK punya basis massa yang kuat di Jabar, Jakarta dan Banten untuk memenangkan pasangan capres-cawapres usungan Golkar.""Beliau kan sekarang menjadi kader Partai Golkar. Beliau Wakil Ketua Umum Partai Golkar dan pasti akan fatsun terhadap keputusan Partai Golkar yang mengusung Prabowo-Gibran dalam Rapimnas II Partai Golkar,"" tuturnya.""Kang Emil memiliki basis yang kuat di Jawa Barat, Jakarta dan Banten. Karena potensinya tersebut, beliau akan memperkuat pemenangan Prabowo-Gibran,"" pungkasnya."
"PDIP Kecewa soal Gibran, Prabowo: Kader Saya Juga Banyak Diambil Pihak Lain", 30 Okt 2023 22:00 ,https://news.detik.com/pemilu/d-7010674/pdip-kecewa-soal-gibran-prabowo-kader-saya-juga-banyak-diambil-pihak-lain,"Ketua DPP PDIP Djarot Syaiful Hidayat mengaku kecewa saat mengetahui Gibran Rakabuming Raka memilih menjadi cawapres Prabowo Subianto. Bakal calon presiden Koalisi Indonesia Maju (KIM) Prabowo Subianto mengatakan kader partainya juga banyak diambil pihak lain, namun dia merasa baik-baik saja.Prabowo menilai sikap politik Gibran hal yang wajar. Menurutnya itu merupakan wujud dari demokrasi.""Inikan proses demokrasi,"" kata Prabowo kepada wartawan di kawasan Kebayoran Baru, Jakarta Selatan, Senin (30/10/2023).SCROLL TO CONTINUE WITH CONTENTPrabowo lalu mengatakan dirinya baik-baik saja saat kader Partai Gerindra 'diambil' pihak lain. Alasannya, lanjut Prabowo, karena semuanya tetap bersatu atas nama bangsa dan negara.""Saya juga banyak kader saya juga yang diambil pihak lain, ya kita baik-baik aja ya kan. Kan kita satu bangsa, satu negara,"" imbuhnya.Sebelumnya, Ketua DPP PDIP Djarot Syaiful Hidayat mengaku kecewa dengan Gibran Rakabuming Raka yang memilih menjadi cawapres Prabowo Subianto. Djarot menilai Gibran merupakan sosok anak muda, tetapi tidak memiliki kesabaran.""Saya curhat aja di sini, saya kecewa sama Mas Gibran bukan apa-apa, dia anak muda, dia anak muda, tapi dia tidak punya kesabaran,"" kata Djarot dalam diskusi Ganjar Center, di kawasan Matraman, Jakarta Timur, Senin (30/10).Simak Video 'PDIP Ungkap Respons Megawati Seusai Gibran Jadi Cawapres Prabowo': [Gambas:Video 20detik]"
Momen Prabowo Tertawa Usai Diteriaki Gemoy oleh Relawan, 30 Okt 2023 21:58 ,https://news.detik.com/pemilu/d-7010673/momen-prabowo-tertawa-usai-diteriaki-gemoy-oleh-relawan,"Calon presiden (capres) Koalisi Indonesia Maju (KIM) Prabowo Subianto hadir pada peresmian posko relawan Prabowo-Gibran (Pagi) di Jalan Taman Gunawarman Barat, Kebayoran Baru, Jakarta Selatan malam ini. Saat menjajaki Posko Pemilih Prabowo Gibran (Kopi Pagi), Prabowo diteriaki 'gemoy' oleh para relawan.Teriakan itu muncul saat Prabowo tengah berjalan meladeni sapaan dan permintaan foto para relawan yang hadir.""Pak memang boleh segemoy ini,"" teriak relawan ke arah Prabowo, Senin (30/10/2023).SCROLL TO CONTINUE WITH CONTENTPrabowo tampak mendengarkan teriakan itu. Dia lantas merespons, dengan bertanya balik terkait apa arti kata 'gemoy'.""Memang apasih arti gemoy?"" tanya Prabowo kepada wartawan.""Gemes pak,"" teriak relawan""Anak muda liat bapak gemes banget sekarang,"" kata relawan lainnya, disambut sorakan kembali.Prabowo tak merespons banyak saat mendengar hal itu. Dia hanya tertawa kecil sembari berbalik arah untuk masuk ke ruangan.Tak hanya sekali itu, kata 'gemoy' kembali dilontarkan awak media saat mendapat kesempatan wawancara singkat dengan Prabowo. Di situ, wartawan bertanya kepada Prabowo apakah dia mengetahui arti 'gemoy' atau tidak.""Tahu artinya gemoy nggak pak? Kan banyak yang ngomong Pak Prabowo gemoy"" tanya salah satu awak media.Merespons pertanyaa itu, Prabowo malah kembali begurau dengan awak media. Dia membalas dengan berujar ""Gemoy? Kamu juga gemoy,"" kata Prabowo menunjuk sang wartawan sambil tertawa.Lihat juga Video 'Saat Prabowo Diteriaki Gemoy, Tapi Tak Tahu Artinya': [Gambas:Video 20detik]"
"Jokowi Makan Siang Bareng 3 Capres, Ini Pesan yang Disampaikan", 30 Okt 2023 21:53 ,https://www.detik.com/bali/berita/d-7010668/jokowi-makan-siang-bareng-3-capres-ini-pesan-yang-disampaikan,"Presiden Joko Widodo (Jokowi) makan siang bersama tiga calon presiden (capres), yakni Anies Baswedan, Ganjar Pranowo, dan Prabowo Subianto di Istana Kepresidenan, Jakarta, Pusat. Prabowo membeberkan pesan Jokowi saat makan siang tersebut.""Ngomong yang relevan, presiden mengharapkan adu gagasan ya,"" kata Prabowo kepada wartawan di kawasan Kebayoran Baru, Jakarta Selatan, Senin (30/10/2023) malam dikutip dari detikNews.Pesan Presiden Jokowi itu pun ditanggapi oleh baik oleh masing-masing capres. Di mana, Jokowi berkeinginan untuk menciptakan Pemilu yang damai mengingat Indonesia yang kaya akan adat dan budayanya.SCROLL TO CONTINUE WITH CONTENT""Kita ingin pemilu rukun, santai, tenang, gembira, karena Indonesia besar sekali. Indonesia kaya sekali, Indonesia beragam, majemuk, banyak suku, banyak agama, banyak ras, banyak adat, budaya daerah kita harus benar-benar sadar untuk selalu menjaga kerukunan,"" beber Prabowo.""Persaingan, persaingan yang baik ajalah. Kita ambil yang positif. Jangan selalu cari segi-segi yang tidak baik,"" sambungnya.Lebih jauh Prabowo menuturkan tak ada membahas nama Gibran Rakabuming Raka dalam makan siang tersebut. ""Nggak (bahas nama Gibran di makan siang bersama presiden),"" pungkasnya.Pertemuan Jokowi dengan ketiga capres pada Senin (30/10/2023) pukul 12.30 WIB. Dalam pertemuan itu, Jokowi tampak mengenakan kemeja batik berwarna biru.Ketiga capres juga terlihat mengenakan kemeja batik. Ganjar mengenakan batik merah, Prabowo mengenakan batik berwarna coklat muda, dan Anies mengenakan batik berwarna coklat muda.Suasana makan siang itu pun tampak akrab. Jokowi tampak sesekali meminta para capres untuk mengambil hidangan yang tersedia.Jokowi juga terlihat mengunggah foto makan siang tersebut di Instagram. ""Santap siang bersama Bapak Prabowo Subianto, Bapak Ganjar Pranowo, dan Bapak Anies Baswedan -- tiga calon presiden yang akan berpartisipasi pada pemilihan presiden 2024 -- di Istana Merdeka, hari ini,"" tulis Jokowi dalam keterangan postingannya itu.Jokowi lalu mengungkap suasana makan siang yang hangat dan diselingi obrolan akrab. Jokowi lalu menyebutkan sejumlah hidangan yang disajikan.""Kami bersantap dalam suasana hangat dan diselingi perbincangan yang akrab. Menunya Soto Lamongan, sapi lada hitam, cumi dan udang, hingga minuman es dan jus jeruk,"" ujanya.Di akhir keterangannya, Jokowi mengucapkan terima kasih kepada ketiga capres, karena telah memenuhi undangannya.""Terima kasih atas kehadiran Pak Prabowo, Pak Ganjar, dan Pak Anies,"" ujarnya."
Prabowo soal PDIP Sentil Gibran Pemuda Tak Sabar: Rakyat yang Menilai, 30 Okt 2023 21:26 ,https://news.detik.com/pemilu/d-7010644/prabowo-soal-pdip-sentil-gibran-pemuda-tak-sabar-rakyat-yang-menilai,"Ketua DPP PDIP Djarot Syaiful Hidayat mengaku kecewa dengan Gibran Rakabuming Raka karena seorang anak muda tak sabar sehingga memilih menjadi cawapres Prabowo Subianto. Prabowo menyerahkan penilaian tersebut kepada rakyat.""Ya yang penting rakyat yang menilai ya, kita jangan ambil negatifnya kalau menurut saya,"" kata Prabowo kepada wartawan di kawasan Kebayoran Baru, Jakarta Selatan, Senin (30/10/2023).Prabowo juga merespons pernyataan Djarot yang mengatakan kecewa dengan pilihan Gibran menjadi cawapres Prabowo pada Pilpres 2024. Dia menilai, pilihan Gibran itu merupakan wujud dari demokrasi.SCROLL TO CONTINUE WITH CONTENT""Inikan proses demokrasi,"" sebutnya.Lebih jauh, Ketua Umum Partai Gerindra itu juga menyinggung soal kader partainya yang berlabuh ke partai lain. Dia mengungkapkan pun tidak masalah mengenai hal itu.""Saya juga banyak kader saya juga yang diambil pihak lain, ya kita baik-baik aja ya kan. Kan kita satu bangsa, satu negara,"" imbuhnya.Djarot Syaiful Hidayat sebelumnya mengaku kecewa dengan Gibran Rakabuming Raka yang memilih menjadi cawapres Prabowo Subianto. Djarot menilai Gibran merupakan sosok anak muda, tetapi tidak memiliki kesabaran.""Saya curhat aja di sini, saya kecewa sama Mas Gibran bukan apa-apa, dia anak muda, dia anak muda, tapi dia tidak punya kesabaran,"" kata Djarot dalam diskusi Ganjar Center, di kawasan Matraman, Jakarta Timur, Senin (30/10).Djarot mengatakan seorang pemimpin seharusnya melalui penggemblengan terlebih dulu dan ada tahapan-tahapan yang harus dilalui. Di antaranya, kata dia, mulai dari Wali Kota, lalu menjadi Gubernur, hingga ke Presiden.""Tidak langsung potong kompas karena ada karpet merah, misalnya ya, suka-sukanya ditabrak, ini contoh-contoh yang tidak bagus menurut saya untuk anak muda. Mohon maaf. Contoh tidak bagus,"" paparnya.Simak juga Video 'Djarot Sebut Gibran Contoh yang Tidak Bagus, Ungkit Karpet Merah-Privilege': [Gambas:Video 20detik]"
Prabowo Ungkap Harapan Jokowi Saat Makan Siang Bareng 3 Capres di Istana, 30 Okt 2023 21:20 ,https://news.detik.com/pemilu/d-7010635/prabowo-ungkap-harapan-jokowi-saat-makan-siang-bareng-3-capres-di-istana,"Calon presiden (capres) Koalisi Indonesia Maju (KIM) , Prabowo Subianto, mengungkap isi obrolan saat makan siang bersama Presiden Joko Widodo (Jokowi) dan dua capres lain, Anies Baswedan dan Ganjar Pranowo. Prabowo mengatakan Presiden Jokowi memberi pesa saat makan siang itu.""Ngomong yang relevan, presiden mengharapkan adu gagasan ya,"" kata Prabowo kepada wartawan di kawasan Kebayoran Baru, Jakarta Selatan, Senin (30/10/2023) malam.Pesan Presiden Jokowi itu pun ditanggapi oleh baik oleh masing capres. Dimana, Jokowi berkeinginan untuk menciptakan Pemilu yang damai mengingat Indonesia yang kaya akan adat dan budayanya.SCROLL TO CONTINUE WITH CONTENT""Kita ingin pemilu rukun, santai, tenang, gembira, karena Indonesia besar sekali. Indonesia kaya sekali, Indonesia beragam, majemuk, banyak suku, banyak agama, banyak ras, banyak adat, budaya daerah kita harus benar-benar sadar untuk selalu menjaga kerukunan,"" beber Prabowo.""Persaingan, persaingan yang baik ajalah. Kita ambil yang positif. Jangan selalu cari segi-segi yang tidak baik,"" sambungnya.Lebih jauh Prabowo menuturkan tak ada membahas nama Gibran Rakabuming Raka dalam makan siang tersebut.""Nggak (bahas nama Gibran di makan siang bersama presiden),"" pungkasnya.Sebelumnya diberitakan, pertemuan Jokowi dengan ketiga capres dimulai sekira pukul 12.30 WIB. Dalam pertemuan itu, Jokowi tampak mengenakan kemeja batik berwarna biru.Ketiga capres juga terlihat menggunakan kemeja batik. Ganjar mengenakan batik merah, Prabowo mengenakan batik berwarna coklat muda, dan Anies mengenakan batik berwarna coklat muda.Suasana makan siang itu pun tampak akrab. Jokowi tampak sesekali meminta para capres untuk mengambil hidangan yang tersedia.Simak Video 'Respons Prabowo, Ganjar dan Anies Seusai Makan Bareng Jokowi': [Gambas:Video 20detik]"
"Respons Ketua KPU Digugat Rp 70,5 T karena Terima Pendaftaran Prabowo-Gibran", 30 Okt 2023 21:01 ,https://news.detik.com/pemilu/d-7010620/respons-ketua-kpu-digugat-rp-70-5-t-karena-terima-pendaftaran-prabowo-gibran,"Komisi Pemilihan Umum (KPU) digugat Rp. 70,5 Triliun atas dugaan perbuatan melawan hukum karena menerima pendaftaran capres-cawapres Prabowo Subianto dan Gibran Rakabuming Raka. Ketua KPU Hasyim Asy'ari mengatakan akan menghadiri sidangnya jika dipanggil.""Kalau nanti sudah ada panggilan sidang kita hadiri sidangnya,"" kata Hasyim kepada wartawan di halaman kantor KPU, Senin (30/10/2023).Ia menuturkan, hingga saat ini KPU belum menerima bahan gugatan tersebut. Ia mengatakan, akan memenuhi panggilan sidang jika sudah ada panggilan resmi.SCROLL TO CONTINUE WITH CONTENT""Ya nanti kalau sudah ada panggilan dari pengadilan, ada bahan gugatannnya, kita pelajari, sekarang kan belum tahu,"" tuturnya.""Nanti kan ada panggilan resminya, panggilan sidang. Gugatannya apa. Kita belum tau,"" tambahnya.Sebelumnya, Seorang dosen bernama Brian Demas Wicaksono menggugat KPU atas dugaan perbuatan melawan hukum karena menerima pendaftaran capres-cawapres Prabowo Subianto dan Gibran Rakabuming Raka. Gugatan itu dilayangkan ke Pengadilan Negeri Jakarta Pusat.""Kebetulan saya sebagai penggugat terhadap KPU, saya sebagai penggugat, latar belakang saya sebagai dosen, akademisi, saya melihat bahwa ada perbuatan melawan hukum yang dilakukan oleh ketua KPU. Harusnya ketua KPU itu melakukan rapat dengar pendapat dengan DPR dahulu untuk melakukan perubahan PKPU,"" kata Brian Demas kepada wartawan di PN Jakpus, Jalan Bungur Besar Raya, Jakarta Pusat, Senin (30/10).Demas mengatakan KPU seharusnya melakukan perubahan PKPU sesuai keputusan MK terkait syarat batas usia capres-cawapres. Menurutnya, perubahan PKPU itu tidak dilakukan oleh KPU namun tetap menerima pendaftaran capres-cawares Prabowo dan Gibran.""Tapi ini tidak dilakukan oleh ketua KPU, malah kemudian menerima pendaftaran tanpa merubah PKPU terlebih dahulu. Maka dari itu pendaftaran yang dilakukan oleh calon wakil presiden Gibran Rakabuming Raka itu tidak memiliki dasar hukum atau legal standing yang tepat karena tidak sesuai dengan apa yang sudah diatur dalam PKPU bahwa syaratnya hanya 40 tahun tidak ada redaksional lain sesuai dengan keputusan MK,"" kata Demas.Simak juga Video 'Ketua KPU Sebut Gibran Bisa Lolos Cawapres Meski PKPU Belum Direvisi': [Gambas:Video 20detik]"
PKB Incar Suara NU untuk Menangkan Anies-Cak Imin di Lombok Tengah, 30 Okt 2023 20:36 ,https://www.detik.com/bali/nusra/d-7010601/pkb-incar-suara-nu-untuk-menangkan-anies-cak-imin-di-lombok-tengah,"Ketua DPC Partai Kebangkitan Bangsa (PKB) Lombok Tengah Lalu Pelita Putra mengaku kaum nahdliyin atau Nahdlatul Ulama (NU) menjadi salah satu ceruk suara yang bakal disasar untuk memenangkan duet Anies Baswedan-Muhaimin Iskandar pada Pilpres 2024. Menurutnya, persentase kaum nahdliyin di Lombok Tengah cukup mapan.Para Tuan Guru yang berada di bawah panji NU, kata dia, juga tak sedikit yang dikenal luas masyarakat Lombok Tengah. Ia pun menepis anggapan bahwa kader NU ada di banyak partai politik. Pelita mengeklaim PKB merupakan satu-satunya parpol yang lahir dari rahim NU.""Ini ada yang perlu diluruskan. Anggapan bahwa NU ada di mana-mana adalah kekeliruan mendasar. Narasi itu adalah upaya memecah belah NU. Publik mengetahui bahwa partai yang secara biologis dan ideologis anak kandung NU adalah PKB,"" sebut Pelita saat ditemui di Mataram, Senin (30/10/2023).SCROLL TO CONTINUE WITH CONTENTPelita kemudian menyindir narasi dana abadi pesantren yang 'dijual' bakal cawapres Gibran Rakabuming Raka. Menurutnya, cawapres pendamping Prabowo Subianto itu kurang memahami seluk-beluk munculnya usulan kebijakan dana abadi pesantren itu.""Dia (Gibran) baru bangun, pernah baca berita, tapi nggak baca sampai bawah, judul dana abadi pesantren dari mana, kapan diusulkan, itu kan soal lama,"" imbuhnya.Pelita optimistis duet Anies-Cak Imin bisa menang telak pada Pilpres 2024. Meski yakin menang, PKB bersama dua parpol koalisi, yakni NasDem dan PKS, belum melakukan kajian ihwal persentase kemenangan.""Target kami menang. Kalau persentase kami belum punya kajiannya, tapi kami melihat penerimaan masyarakat, rasanya tidak sulit untuk menang,"" kata Pelita.Anggota DPRD NTB itu menyebut kader PKB memiliki semangat juang yang lebih tinggi untuk menghadapi Pilpres 2024. Pasalnya, sang ketua umum Cak Imin turut berlaga sebagai cawapres mendampingi Anies.""Kami tentu berharap ada efek ekor jas dari Ketum kami Cak Imin. Tapi bukan itu yang utama, prinsipnya kami bekerja maksimal, mengedepankan politik yang berkeadilan,"" tandasnya."
"Prabowo Hadir Peresmian Posko Relawan 'Pagi', Diberi Potongan Nasi Tumpeng", 30 Okt 2023 19:47 ,https://news.detik.com/pemilu/d-7010552/prabowo-hadir-peresmian-posko-relawan-pagi-diberi-potongan-nasi-tumpeng,"Relawan Laskar Prabowo-Gibran (Pagi) meresmikan Posko Pemilih Prabowo-Gibran (Kopi Pagi) di Jalan Taman Gunawarman Barat, Kebayoran Baru, Jakarta Selatan. Bakal calon presiden Koalisi Indonesia Maju (KIM) Prabowo Subianto ikut hadir meresmikan posko relawan itu.Pantauan detikcom di lokasi, Senin (30/10/2023) Prabowo tiba sekitar pukul 19.00 WIB malam. Prabowo datang mengenakan pakaian serba coklat.Kedatangan Prabowo telah ditunggu-tunggu para relawan yang telah hadir lebih dulu. Setibanya di lokasi, Menteri Pertahanan itu langsung disambut meriah para relawan dengan yel-yel.SCROLL TO CONTINUE WITH CONTENTPrabowo juga ikut menyaksikan prosesi pemotongan nasi tumpeng sebagai lambang peresmian posko itu. Ketua Dewan Pembina Kopi Pagi Agus Gumiwang memberikan potongan pertama tumpeng itu langsung ke Prabowo.Selepas itu Prabowo juga berkeliling posko, dia melihat ruang-ruang yang ada di posko relawan. Prabowo juga tampak meladeni sapaan dan permintaan foto dari para relawan.Sebagaimana diketahui, sebelum kedatangan Prabowo, relawan Laskar Pagi telah menggelar tasyakuran lebih dulu. Mereka melantunkan doa-doa untuk kemenangan pasangan Prabowo-Gibran pada kontestasi politik mendatang.Peresmian posko relawan ini dihadiri oleh Waketum Partai Golkar yang juga merupakan Ketua Dewan Pembina Kopi Pagi Agus Gumiwang, Ketua DPD Partai Golkar Jabar Ace Hasan, Sekjen Projo Handoko dan konsultan politik yang menjadi koordinator posko pemilih Prabowo-Gibran, Hasan Nasbi.Hasan Nasbi mengatakan melalui posko itu, pihaknya menargetkan mendongkrak suara untuk pemenangan duet Prabowo-Gibran. Dia optimis pasangan usungan KIM itu dapat menang satu putaran.""Kopi Pagi ini memang menargetkan ingin membantu pasangan Prabowo-Gibran agar bisa menang satu putaran,"" ucapnya.Pendiri Cyrus Network itu mengatakan Kopi Pagi akan bekerja di wilayah Sumatera dan Jawa. Adapun alasanya, yakni karena dua pulau itu diyakini dapat mendongkrak suara bagi Prabowo-Gibran.""Dua pulau dengan populasi terpadat, kalau itu bisa dimaksimalkan, Insyaallah menang satu putaran itu buka cuman impian tapi bisa jadi kenyataan,"" imbuh Hasan."
Aria Bima Harap Mahfud Tak Mundur dari Jabatan Jelang 2024: Cuti Saja, 30 Okt 2023 19:46 ,https://news.detik.com/pemilu/d-7010550/aria-bima-harap-mahfud-tak-mundur-dari-jabatan-jelang-2024-cuti-saja,"Politikus PDI Perjuangan Aria Bima menyampaikan cawapres yang juga Menko Polhukam Mahfud Md tak perlu mundur dari jabatannya selama Pilpres 2024. Dia mengatakan Mahfud hanya perlu cuti.""Sebaiknya kalau Pak Mahfud, Pak Mahfud nggak usah mundur, cuti saja sesuai dengan undang-undang saya kira itu,"" kata Aria Bima di TPN Ganjar-Mahfud, Menteng, Jakarta Pusat, Senin (30/10/2023).Aria Bima menuturkan apabila ada desakan mundur terhadap Mahfud, capres-cawapres lain yang masih menjabat sebagai pejabat publik juga harus mundur. Dia menyebut semuanya harus mengikuti aturan.SCROLL TO CONTINUE WITH CONTENT""Yah undang-undang kalau harus mundur, mundur semua. Daripada debatable lebih baik mengikuti undang-undang,"" tuturnya.Seperti diketahui, saat ini ada capres dan cawapres Pemilu 2024 yang masih menjabat sebagai pejabat publik. Mereka yakni Menko Polhukam Mahfud Md yang merupakan cawapres dari capres Ganjar Pranowo.Kemudian Menhan Prabowo Subianto yang merupakan capres dari Koalisi Indonesia Maju. Dan wakilnya Gibran Rakabuming Raka yang saat ini masih menjabat sebagai Walikota Solo.Simak juga Video 'Ganjar Diskusi dengan Mahfud Bahas Penegakan Hukum Anti KKN': [Gambas:Video 20detik]"
Ini Tokoh Terkenal Jatim yang Didambakan Demokrat Dukung Prabowo-Gibran, 30 Okt 2023 19:22 ,https://www.detik.com/jatim/berita/d-7010505/ini-tokoh-terkenal-jatim-yang-didambakan-demokrat-dukung-prabowo-gibran,"Salah satu tokoh terkenal di Jawa Timur dikabarkan segera bergabung dalam Tim Kampanye Nasional (TKN) Prabowo Subianto-Gibran Rakabuming Raka. Kepala BPOKK DPD Demokrat Jatim Mugianto menyebut tokoh terkenal yang didambakan gabung adalah Khofifah Indar Parawansa.""Harapan kami dan Insyaallah jadi kenyataan ya Bu Khofifah,"" kata Mugianto saat dikonfirmasi detikJatim, Senin (30/10/2023).Mugianto menyebut Khofifah adalah salah satu tokoh paling terkenal dan berpengaruh di Jatim saat ini. Apalagi, Khofifah juga menjabat sebagai Gubernur Jatim.SCROLL TO CONTINUE WITH CONTENT""Bu Khofifah tokoh paling berpengaruh di Jatim saat ini, beliau gubernur, beliau Ketua Umum PP Muslimat NU. Beliau sangat pantas jika masuk tim pemenangan Prabowo-Gibran dan mengambil peran strategis,"" jelasnya.""Di Jatim tokoh dengan popularitas tertinggi ya Bu Khofifah saat ini. Kinerjanya di Jatim bersama Mas Emil Dardak juga dinilai sangat puas oleh warga Jatim. Sangat layak lah masuk timses Prabowo-Gibran,"" tandasnya.Sebelumnya diketahui Ketua TKN Prabowo-Gibran, Rosan Roeslani menyebut akan ada tokoh Jatim terkenal yang akam gabung. Namun, dirinya belum mau mengungkap siapa tokoh tersebut. Ia mengatakan, kejutan ini akan diungkapkannya pekan depan.""Sepertinya yang saya sampaikan, kami ingin merangkul semua. Insyaallah minggu depan saya umumkan tokoh-tokohnya siapa saja yang gabung di kita, termasuk tokoh-tokoh Jatim, dan pastinya sudah sangat-sangat dikenal masyarakat. Dan ini akan menjadi satu sumber kekuatan kita bersama,"" kata Rosan dilansir dari detikNews, Minggu (29/10).Sementara itu, Wakil Ketua TKN Prabowo-Gibran, Bahlil Lahadalia menyebut, pengumuman minggu depan itu akan menjadi kejutan. Namun, Bahlil tak banyak bicara soal kejutan tersebut.""Pak Rosan akan membuat kejutan nanti, minggu depan,"" ujar Bahlil.""Nanti lah, namanya kejutan jangan dibocorin dong,"" imbuhnya."
"Gibran Cawapres Prabowo, Aria Bima Sebut Jokowi Kena Toxic Relationship", 30 Okt 2023 19:19 ,https://news.detik.com/pemilu/d-7010489/gibran-cawapres-prabowo-aria-bima-sebut-jokowi-kena-toxic-relationship,"Politikus PDI Perjuangan (PDIP) Aria Bima menyinggung soal toxic relationship atau hubungan yang tidak sehat orang-orang di sekitar Presiden Joko Widodo (Jokowi). Menurutnya, hubungan tak sehat itu mempengaruhi putra sulung Jokowi, Gibran Rakabuming menjadi cawapres Prabowo Subianto.""Apa itu toxic relationship? Keterpengaruhan orang di sekitar Pak Jokowi yang mana ada kecenderungan toxic relationship ini juga mulai masuk orang orde baru, misalnya ada Pak Prabowo yang menginginkan Mas Gibran untuk menjadi wakilnya,"" kata Aria Bima di TPN Ganjar-Mahfud, Menteng, Jakarta Pusat, Senin (30/10/2023).Aria Bima tak yakin Jokowi dan keluarganya ikut 'cawe-cawe' mengenai putusan batas usia capres-cawapres yang digugat sejumlah orang dan juga parpol ke Mahkamah Konstitusi. Dia juga mengatakan MK merupakan fondasi demokrasi.SCROLL TO CONTINUE WITH CONTENT""Kemudian wacana publik yang dibangun dengan fungsi MK sebagai sandaran kita untuk berdemokrasi ngawasi orang-orang kayak saya ini kalau menggunakan berbagai kepentingan-kepentingan kekuasaan di DPR dengan menggunakan jalan hukum,"" ujarnya.""Sandaran kita ini kan MK, yang saya sampai nggak sampai hati ya, sebagai teman baik itu keluarga Ibu Iriana, Mas Wali Gibran, Pak Jokowi menjadi seolah-olah menggunakan instrumen keinginan untuk sekadar mengegolkan Mas Gibran selaku putranya untuk menjadi seorang calon presiden dengan otak-atik mengintervensi 'kewenangan-kewenangan' di MK yang kebetulan adalah Om-nya Mas Gibran. Apakah semacam ini Pak Jokowi? Tadi saya katakan enggak,"" lanjutnya.Aria Bima curiga gugatan batas usia capres-cawapres hingga Gibran menjadi cawapres Prabowo ada kaitannya demgan toxic relationship. Dia menyebut toxic relationship itu ada pengaruh dari pola lama.""Setahu saya Pak Jokowi, mohon maaf ini aku politisi, ya, saya dorong-dorong sedikit untuk menggunakan kewenangan pada 2019, enggak dia pake. Kok sekarang ada kencendrungan persepsi publik lewat media sosial, mainstream, lewat temen-temen semua, ada kecendrungan aparat negara ini ikut bermain di dalam proses elektoral atau proses berdemokrasi. Apa ini akibat toxic relationship karena ada keterpengaruhan pola-pola lama,"" ucapnya.""Saya melihat Pak Jokowi bukan tipe seperti itu, mungkin karena keterpengaruhan orang di sekitarnya atau pengaruh di lingkarannya ini yang saya sebut Pak Jokowi kena pengaruh toxic relationship,"" imbuhnya.Simak juga video 'Gerindra soal Keputusan Pilih Gibran: Daripada Pilih Orang Tua Koruptor': [Gambas:Video 20detik]"
"Relawan 'Pagi' Resmikan Posko, Pede Prabowo-Gibran Menang 1 Putaran", 30 Okt 2023 19:16 ,https://news.detik.com/pemilu/d-7010487/relawan-pagi-resmikan-posko-pede-prabowo-gibran-menang-1-putaran,"Relawan Laskar Prabowo-Gibran (Pagi) meresmikan Posko Pemilih Prabowo-Gibran (Kopi Pagi) di Jalan Taman Gunawarman Barat, Kebayoran Baru, Jakarta Selatan. Posko tersebut untuk mendukung pasangan calon yang diusung oleh Koalisi Indonesia Maju (KIM) menang satu putaran pada Pilpres 2024.Peresmian posko relawan ini dihadiri oleh Waketum Partai Golkar yang juga merupakan Ketua Dewan Pembina Kopi Pagi Agus Gumiwang, Ketua DPD Partai Golkar Jabar Ace Hasan, Sekjen Projo Handoko dan kosultan politik yang menjadi koordinator posko pemilih Prabowo-Gibran Hasan Nasbi.Hasan Nasbi menjelaskan perihal dipilihnya nama Kopi Pagi untuk posko relawan itu. Dia mengatakan makna santai dari dua kata itu diharapkan juga dapat membawa suasana pemilu tetap damai dan kondusif.SCROLL TO CONTINUE WITH CONTENT""Kenapa namanya Kopi Pagi, ya biar santai, kita nggak usah tegang-tegang amat kalau untuk pilpres. Kayaknya kita udah menang kok, eh nggak boleh gitu ya. Insyaallah menang,"" kata Hasan di hadapan relawan dalam acara bertajuk Tasyakuran dan Peresmian Kopi Pagi, Senin (30/10/2023).Hasan mengatakan melalui posko itu, pihaknya menargetkan mendongkrak suara untuk pemenangan duet Prabowo-Gibran. Dia optimis pasangan usungan KIM itu dapat menang satu putaran.""Kopi Pagi ini memang menargetkan ingin membantu pasangan Prabowo-Gibran agar bisa menang satu putaran,"" ucapnya.Pendiri Cyrus Network itu mengatakan Kopi Pagi akan bekerja di wilayah Sumatera dan Jawa. Adapun alasannya, yakni karena dua pulau itu diyakini dapat mendongkrak suara bagi Prabowo-Gibran.""Dua pulau dengan populasi terpadat, kalau itu bisa dimaksimalkan, Insyaallah menang satu putaran itu buka cuman impian tapi bisa jadi kenyataan,"" imbuh Hasan.Lebih jauh, dia menuturkan bahwa pihaknya juga terbuka bagi orang-orang yang belum menjatuhkan pilihannya terhadap pasangan Prabowo-Gibran. Menurutnya, tak ada salahnya bertukar pikiran dengan orang yang berbeda pilihan.""Kadang-kadang kita senang diskusi sama orang yang sudah seiman, tapi target menang itu kita harus berani diskusi sama orang yang belum seiman dengan kita,"" ujarnya.""Kalau belum beriman pada Prabowo-Gibran kita justru senang kalau datang ke sini. Kita ajak diskusi syukur-syukur mereka nanti bisa menjadi pendukung Prabowo-Gibran,"" pungkasnya.Simak Video 'Gerindra soal Keputusan Pilih Gibran: Daripada Pilih Orang Tua Koruptor': [Gambas:Video 20detik]"
"Mengenal Petruk, Tokoh Wayang di Spanduk yang Marak di Solo-Semarang", 30 Okt 2023 19:15 ,https://www.detik.com/jogja/berita/d-7010486/mengenal-petruk-tokoh-wayang-di-spanduk-yang-marak-di-solo-semarang,"Sosok Petruk belakangan tengah naik daun. Tokoh Petruk menjadi perhatian usai pencalonan Wali Kota Solo Gibran Rakabuming Raka sebagai cawapres mendampingi capres Prabowo Subianto. Lalu siapa sebenarnya Petruk?Petruk termasuk Punakawan dalam jagad pewayangan, bersama Gareng, Bagong, dan Semar.Pakar wayang dari UGM, Rudy Wiratama menyebut Petruk merupakan salah satu Punakawan yang populer dalam pewayangan Jawa pada saat ini.SCROLL TO CONTINUE WITH CONTENT""Mengapa saya katakan pada saat ini? Saat ini itu artinya tahun 1.600-an ke sini, era Jawa Islam. Sebab sebelum era Islam, era Hindu Budha di Jatim Punakawan Petruk itu tidak dikenal,"" kata Rudy saat dihubungi detikJogja, Senin (30/10/2023).Dia melanjutkan, kemunculan Punakawan ini tidak bersamaan. Dia menyebut di Jawa Timur hanya ada Semar dan Bagong, kemudian era Surakarta kasepuhan ada Semar, Gareng, Petruk.Kemudian era Surakarta modern ada Semar, Gareng, Petruk, Bagong. Jogja juga mengenal ada empat tokoh Punakawan itu.""Jadi tidak harus selamanya harus ditampilkan sebagai empat serangkai. Bisa dua, bisa tiga,"" bebernya.Khusus tokoh Petruk, lanjut Rudy, oleh masyarakat banyak dimaknai berbagai hal. Ada yang mempercayai Petruk adalah Gandarwa atau makhluk halus yang usianya lebih tua dari Semar.Konon ceritanya, Petruk telah ditaklukkan oleh Semar, maka Petruk menjadi pengikut dan anak angkat Semar.Rudy juga bilang, ada yang menyatakan Petruk merupakan gambaran dari orang Eropa.""Terus ada yang menyatakan Petruk itu sebenarnya adalah karikatur dari orang-orang Eropa yang saat itu mengabdi ke raja-raja Mataram,"" urainya.""Makanya badannya tinggi besar, hidungnya panjang, matanya seperti almond, lonjong, dan lain sebagainya. Kemudian suaranya lantang. Itu kan karakteristik orang Eropa sekali,"" sambungnya.Dosen Sastra Jawa FIB UGM itu melanjutkan, Petruk banyak digambarkan sebagai sosok yang suka bercanda. Tapi di satu sisi, dia punya watak giat bekerja.""Karena dikaruniai kelebihan di badannya. Hidungnya panjang, tangannya panjang, kakinya panjang, dibandingkan saudaranya-saudaranya,"" jelasnya.""Jadi dia dianggap mewakili sosok yang serius tapi santai. Satu sisi dianggap sosok pengayom dan penasihat di samping Semar dan lain-lain memberikan nasihat ke Pandawa,"" sambungnya.Sosok Petruk yang berasal dari rakyat biasa kemudian menjadi pejabat tertuang dalam lakon 'Petruk Jadi Ratu'. Dalam lakon itu garis besarnya, Petruk menemukan jimat Kalimasada dari tangan Pandawa dan menjadi raja. Petruk kemudian memanfaatkan itu untuk mengubah tatanan dalam rangka memperingatkan para Pandawa.""Sebenarnya perilaku Petruk yang seperti itu untuk mengingatkan para Pandawa kok sampai kehilangan jimat Kalimasada itu kan kebangetan,"" ucapnya.""Petruk muncul dengan sosok seorang raja yang kontroversial itu tidak lebih hanya untuk mengingatkan para Pandawa,"" sambungnya.Selengkapnya di halaman berikutnya...."
PDIP Ungkap Respons Megawati Usai Gibran Jadi Cawapres Prabowo, 30 Okt 2023 19:00 ,https://news.detik.com/pemilu/d-7010459/pdip-ungkap-respons-megawati-usai-gibran-jadi-cawapres-prabowo,"Ketua DPP PDIP Djarot Syaiful Hidayat mengungkap respons Ketua Umum PDIP Megawati Soekarnoputri saat mengetahui Gibran Rakabuming Raka memilih jadi cawapres Prabowo Subianto. Djarot mengatakan Megawati tertawa dan tak masalah dengan sikap Gibran.""Kalau Bu Mega ketawa-ketawa, nggak ada masalah, sudah biasa,"" kata Djarot usai diskusi Ganjar Center, di kawasan Matraman, Jakarta Timur, Senin (30/10/2023).Namun, kata Djarot, berbeda hal dengan anak ranting PDIP. Djarot menyebut jika mereka kecewa dengan sikap Gibran.SCROLL TO CONTINUE WITH CONTENT""Tapi kalau anak ranting, ranting yang berjuang, kalau kecewa ya wajar dong,"" katanya.Meski kecewa, Djarot mengatakan kader PDIP justru menjadi lebih semangat untuk memenangkan Ganjar Pranowo dan Mahfud Md. Djarot menyebut walaupun kecewa, kader PDIP tidak mengamuk maupun murung.""Tetapi bentuk kekecewaan yang saya senang itu dikonversi menjaid kegairahan menjadi semangat. Menjadi lebih semangat untuk memenangkan Pak Ganjar dan Pak Mahfud. Jadi yang positif, jadi senang sekali kita,"" tuturnya.""Ya kecewa ya nggak ngamuk atau murung. Tapi mereka lebih semangat. Yo pasti manusiawi mereka kecewa, mereka yang berjuang. Tapi ada yang nggak percaya lho, masa sih? Masa sih? Tapi sekarang sudah terjawab,"" imbuh dia.Simak Video 'PDIP Ungkap Respons Megawati Seusai Gibran Jadi Cawapres Prabowo': [Gambas:Video 20detik]"
Kata Gibran soal Disebut Hasto Tinggalkan PDIP Usai Dapat Previlege, 30 Okt 2023 19:00 ,https://www.detik.com/sumbagsel/berita/d-7009948/kata-gibran-soal-disebut-hasto-tinggalkan-pdip-usai-dapat-previlege,"Sekretaris Jenderal (Sekjen) PDIP Hasto Kristiyanto mengungkap kekecewaan terhadap Jokowi dan keluarganya yang sudah diberikan previlege, namun meninggalkan PDIP. Wali Kota Solo sekaligus cawapres Gibran Rakabuming Raka menanggapi pernyataan tersebut.""Ya itu monggo saya kembalikan lagi ke Pak Hasto, nggih (ya),"" kata Gibran di Balai Kota Solo, Senin (30/10/2023).Gibran tidak merespons banyak soal pernyataan Hasto tersebut. Ia lebih memilih untuk mengembalikan lagi ke Hasto.SCROLL TO CONTINUE WITH CONTENTDilansir detikNews, Hasto Kristiyanto mengungkapkan bahwa banyak kader partai yang tidak menyangka dengan keputusan dari Jokowi dan keluarganya.""Ketika DPP partai bertemu dengan jajaran anak ranting dan ranting sebagai struktur partai paling bawah, banyak yang tidak percaya bahwa ini bisa terjadi,"" kata Hasto dalam keterangan tertulisnya, Minggu (29/10/2023).Hasto mengatakan PDIP memberikan keistimewaan atau privilege kepada Jokowi dan keluarga. Namun, pemberian partai berlambang banteng itu malah ditinggalkan Jokowi dan keluarga.""Kami begitu mencintai dan memberikan privilege yang begitu besar kepada Presiden Jokowi dan keluarga, namun kami ditinggalkan karena masih ada permintaan lain yang berpotensi melanggar pranata kebaikan dan Konstitusi. Pada awalnya kami hanya berdoa agar hal tersebut tidak terjadi, namun ternyata itu benar-benar terjadi,"" ujar Hasto."
PDIP Apresiasi Pertemuan Jokowi dan 3 Capres: Pemerintah Harus Netral, 30 Okt 2023 18:46 ,https://news.detik.com/pemilu/d-7010416/pdip-apresiasi-pertemuan-jokowi-dan-3-capres-pemerintah-harus-netral,"PDI Perjuangan mengapresiasi pertemuan Presiden Joko Widodo (Jokowi) dengan ketiga capres yaitu Anies Baswedan, Ganjar Pranowo, dan Prabowo Subianto. PDIP menilai pertemuan itu merupakan salah satu hal yang positif.""Sekarang ada tiga kandidat capres diundang makan siang beramah tamah dengan presiden itu satu hal yang positif yang harus diapresiasi,"" ujar Ketua DPP PDIP Djarot Syaiful Hidayat usai dialog Genter Center, di kawasan Jakarta Timur, Senin (30/10/2023).Djarot meyakini jika Jokowi akan bersikap netral terhadap Pemilu 2024. Meskipun, kata dia, putra sulung Jokowi, Gibran Rakabuming Raka menjadi cawapres dari Prabowo Subianto.SCROLL TO CONTINUE WITH CONTENT""Saya yakin Presiden dan kita semua harus menyatu bahwa Pemilu dan Pilpres itu berjalan dan jujur dan adil, jangan sampai instrumen kekuasaan itu memihak kepada salah satu kandidat, jangan sampai misalkan meskipun Mas Gibran itu putranya Pak Jokowi, kemudian digunakan infrastuktur kekuasaan untuk mendukung Prabowo,"" ungkap dia.""Saya yakin bahwa Pak Jokowi berdiri di atas semuanya, tidak memihak salah satu kandidat, tapi benar-benar memihak kepada keutuhan, kepada stabilitas dan kepada kesuksesan pelaksanaan Pemilu 2024,"" sambungnya.Djarot menilai memang sudah seharusnya pemerintah bersikap netral dan tak memihak. Sebab, kata dia, sikap netral pemerintah akan berdampak pada hasil Pemilu.""Harus netral, harus netral, dia harus netral, bukan hanya dari situasi pertemuan saat ini, tapi lebih dari pada itu, setelah ini bukan hanya dari sisi retoritas, tapi dari sikap dan tindakan, supaya apa? Supaya hasil dari Pemilu itu bisa diterima oleh masyarakat, bahwa pemerintah netral,"" tuturnya.Sebelumnya diberitakan, pertemuan Jokowi dengan ketiga capres dimulai sekira pukul 12.30 WIB. Dalam pertemuan itu, Jokowi tampak mengenakan kemeja batik berwarna biru.Ketiga capres juga terlihat menggunakan kemeja batik. Ganjar mengenakan batik merah, Prabowo mengenakan batik berwarna coklat muda, dan Anies mengenakan batik berwarna coklat muda.Suasana makan siang itu pun tampak akrab. Jokowi tampak sesekali meminta para capres untuk mengambil hidangan yang tersedia.Simak Video 'PDIP Tegaskan Tak Jadi Oposisi, Kawal Jokowi hingga Akhir Jabatan': [Gambas:Video 20detik]"
Gerindra Bogor Targetkan 70% Suara untuk Prabowo-Gibran, 30 Okt 2023 18:23 ,https://news.detik.com/pemilu/d-7010353/gerindra-bogor-targetkan-70-suara-untuk-prabowo-gibran,"Partai Gerindra Kabupaten Bogor menargetkan 70 persen raihan suara untuk pemenangan Prabowo Subianto dan Gibran Rakabuming Raka di Kabupaten Bogor, Jawa Barat. Namun sementara berdasarkan hasil survei, saat ini Prabowo-Gibran masih di angka di bawah 50 persen.""Berdasarkan hasil survey, kita masih di angka di bawah 50 persen, karena tiga pasangan calon. Tapi hari ini kita betul-betul berupaya maksimal bergerak untuk memenangkan Prabowo-Gibran, di Kabupaten Bogor target kita adalah minimal 70 persen,"" kata Ketua Bappilu Partai Gerindra Kabupaten Bogor, Rudy Susmanto, kepada wartawan di Cibinong, Senin (30/10/2023).Wasekjen DPP Gerindra itu mengatakan bahwa tidak ada calon presiden dan wakil presiden yang menjadi lawan berat Prabowo-Gibran di Kabupaten Bogor. Sebab menurutnya, semua saingannya adalah mitra dalam berpolitik.SCROLL TO CONTINUE WITH CONTENT""Melihat tidak ada calon yang kita anggap berat, semuanya adalah mitra, rekan seperjuangan bersama-sama, dan masyarakat Kabupaten Bogor tentu akan memilih yang terbaik dari semua calon yang baik,"" tuturnya.Berdasarkan hasil survey yang dilihatnya, nama Prabowo-Gibran masih menggungguli dua nama pasangan lainnya. Namun, lanjut dia, politik bersifat dinamis.""Kalau hasil survey, nomor satu adalah Prabowo-Gibran, nomor dua Pak Anies dan Cak Imin, nomor tiga Pak Ganjar dan Pak Mahfud. Tapi politik cukup dinamis, pasti akan berubah, yang di bawah mungkin bisa ke atas, yang di atas mungkin juga bisa ke bawah, sejauh mana kita bisa bergerak meyakinkan masyarakat untuk memilih. Mudah-mudahan Pilpres satu putaran,"" jelasnya.Target 70 persen tersebut menurut Rudy untuk mensubsidi suara di kabupaten dan kota lain di Jawa Barat. Sebab menurutnya, Kabupaten Bogor memiliki pemilih terbanyak se-Jawa Barat.""Target kita 70 persen mudah-mudahan supaya bisa mensubsidi kabupaten/kota lainnya. Karena pemilih Kabupaten Bogor adalah terbanyak di Provinsi Jawa Barat. Menang di Kabupaten Bogor, maka menang di Provinsi Jawa Barat,"" pungkasnya.Simak juga Video 'Gerindra soal Keputusan Pilih Gibran: Daripada Pilih Orang Tua Koruptor': [Gambas:Video 20detik]"
"Ganjar Sebut Ma'ruf Amin Akan Bertemu Cawapres, Gibran: Belum Ada Undangan", 30 Okt 2023 18:17 ,https://www.detik.com/jateng/berita/d-7010334/ganjar-sebut-maruf-amin-akan-bertemu-cawapres-gibran-belum-ada-undangan,"Wakil Presiden Ma'ruf Amin dikabarkan akan bertemu dengan bacawapres. Saat ditanya soal kabar itu, bacawapres dari Koalisi Indonesia Maju (KIM), Gibran Rakabuming Raka mengaku belum mendapat undangan.Gibran justru terlihat bingung saat ditanya wartawan mengenai kabar pertemuan tersebut.""Nggak tahu, kapan? Besok? Saya nggak tahu,"" kata Gibran di Balai Kota Solo, Senin (30/10/2023).SCROLL TO CONTINUE WITH CONTENTGibran juga mengatakan bahwa belum ada rencana untuk pertemuan dengan wapres dalam waktu dekat atau dalam pekan ini.""Pekan ini belum ada, belum ada undangan,"" ucapnya.Putra sulung Presiden Jokowi Widodo (Jokowi) itu menyebut bahwa besok akan ada acara di Solo Technopark yang akan dihadiri tiga menteri. Hanya saja, saat ditanya tiga menteri itu siapa saja, Gibran mengaku lupa.""Besok ada tiga menteri ke sini. Untuk acara di Technopark. Setahu saya ya. Siapa saja saya lupa. UEA siangnya. Dubesnya kan mau ke sini,"" tuturnya.Dilansir dari detikNews, bakal calon presiden (bacapres) Ganjar Pranowo menyampaikan akan ada pertemuan antara tiga bacawapres dengan Wakil Presiden Ma'ruf Amin. Hari ini, Ganjar bersama Prabowo Subianto dan Anies Baswedan makan siang bareng Presiden Jokowi.""Kalau nggak salah besok ada undangan cawapres akan bertemu dengan Wapres,"" kata Ganjar di Istana Kepresidenan Jakarta usai makan siang bersama Presiden Jokowi dan bacawapres, Senin (30/10).""Ya nggak tahu, biar diatur. Saya cuma dikomunikasikan,"" katanya."
Djarot Kecewa dengan Gibran Rakabuming: Dia Anak Muda Tak Punya Kesabaran, 30 Okt 2023 17:57 ,https://news.detik.com/pemilu/d-7010303/djarot-kecewa-dengan-gibran-rakabuming-dia-anak-muda-tak-punya-kesabaran,"Ketua DPP PDIP Djarot Syaiful Hidayat mengaku kecewa dengan Gibran Rakabuming Raka yang memilih menjadi cawapres Prabowo Subianto. Djarot menilai Gibran merupakan sosok anak muda, tetapi tidak memiliki kesabaran.""Saya curhat aja di sini, saya kecewa sama Mas Gibran bukan apa-apa, dia anak muda, dia anak muda, tapi dia tidak punya kesabaran,"" kata Djarot dalam diskusi Ganjar Center, di kawasan Matraman, Jakarta Timur, Senin (30/10/2023).Djarot mengatakan seorang pemimpin seharusnya melalui penggemblengan terlebih dulu dan ada tahapan-tahapan yang harus dilalui. Di antaranya, kata dia, mulai dari Wali Kota, lalu menjadi Gubernur, hingga ke Presiden.SCROLL TO CONTINUE WITH CONTENT""Tidak langsung potong kompas karena ada karpet merah, misalnya ya, suka-sukanya ditabrak, ini contoh-contoh yang tidak bagus menurut saya untuk anak muda. Mohon maaf. Contoh tidak bagus,"" paparnya.Seharusnya, kata Djarot, anak muda harus memiliki spirit yang bagus untuk berjuang. Bukan hanya mementingkan privilege saja dan tidak berproses.""Anak muda itu pasti punya nilai atau spirit untuk berjuang, untuk berjuang, untuk bertarung, untuk berimprovisasi, untuk berkreativitas, untuk bekerja keras. Ini spirit anak muda. Untuk melakukan perubahan ke arah yang lebih bagus. Ini semangat anak muda. Bukan yang mengharapkan privilege, tidak mengharapkan karpet, tidak berproses,"" ungkap dia.Djarot lantas mengatakan meski dikecewakan 'banteng' yang menjadi lambang partainya tak lantas cengeng. Sebaliknya, kata dia, banteng justru semakin memperkuat akar rumput dan turun ke bawah.""Hebatnya banteng, kemarahan, keprihatinan, kejengkelan, kekecewaan itu kemudian dikonversi ke dalam gerakan, tindakan dan itu semakin luar biasa ini semangatnya,"" katanya.Dia lalu mengungkap kekecewaannya. Terlebih, Djarot mengatakan partainya telah memperjuangkan Presiden Joko Widodo (Jokowi) dari sejak 2012.""Pasti dong kecewa dong. Bayangkan diperjuangkan sejak 2012, saya saksinya, bergotong royong,"" paparnya.Djarot mengatakan saat Pemilu 2014, partainya bergotong royong memenangkan Jokowi. Saat itu, hanya beberapa partai saja yang mendukung Jokowi, selebihnya mendukung Prabowo Subianto dan Hatta Rajasa.""Nggak apa-apa, banteng itu tidak akan cengeng, saya bilang ini karena teman-teman ini ya orang-orang PDIP ini kalau semakin digembleng, emang tambah terus, semakin dibanting semakin kuat,"" tuturnya.Djarot mengatakan Indonesia memerlukan pemimpin yang bernyali dan bersih. Djarot pun menilai hal itu ada dalam diri Ganjar Pranowo dan Mahfud Md.Dia bercerita pernah berkunjung ke Tanah Karo dan Pulau Nias, Sumatera Utara. Saat itu, kata Djarot, dia diceramahi oleh orang desa yang mengatakan jika akan ada karma bagi orang yang mengkhianati Ketum PDIP Megawati Soekarnoputri.""Ada yang lebih ngeri lagi itu, orang dari Nias, masih muda, 'Pak Djarot, sudah yang berkhianat-berkhianat ini pasti ada karmanya.' wih malah ngeri ini. 'Kok bapak tahu? ' Dia salah satu ASN, penyelenggara ini padahal. Dia ngomong 'siapa yang berkhianat dari Bu Mega itu biasanya nasibnya tidak baik Pak Djarot'. Saya pikir, tapi benar juga ya,"" jelasnya.Simak Video 'Djarot Sebut Gibran Contoh yang Tidak Bagus, Ungkit Karpet Merah-Privilege': [Gambas:Video 20detik]"
Koster Minta Kader PDIP Bali 'Tempur Darat dan Udara' Menangkan Ganjar-Mahfud, 30 Okt 2023 17:49 ,https://www.detik.com/bali/berita/d-7010282/koster-minta-kader-pdip-bali-tempur-darat-dan-udara-menangkan-ganjar-mahfud,"Ketua Dewan Pimpinan Daerah (DPD) PDI Perjuangan Bali Wayan Koster menginstruksikan kader partai berlogo banteng moncong putih di Pulau Dewata untuk memenangkan duet calon presiden (capres) Ganjar Pranowo dan calon wakil presiden (cawapres) Mahfud Md pada Pemilihan Presiden (Pilpres) 2024. Ia optimistis Ganjar-Mahfud bisa menang telak di Bali jika para kader PDIP siap bertempur di darat dan udara.""Strateginya turun ke bawah bertemu dengan masyarakat. Memberi pemahaman ke masyarakat. Tempur darat dan udara,"" kata Koster saat ditemui seusai konsolidasi PDIP Buleleng, Senin (30/10/2023).Koster tidak gentar mengamankan suara Ganjar-Mahfud di Bali meski berhadapan dengan putra sulung Presiden Joko Widodo (Jokowi) Gibran Rakabuming Raka yang maju sebagai cawapres Prabowo Subianto. Untuk menggaet pemilih dari kalangan anak muda, ia meminta para kader PDIP untuk memanfaatkan media sosial.SCROLL TO CONTINUE WITH CONTENT""Ini bukan (soal) siapa-siapa, bukan soal yakin tidak yakin, tapi ini target yang harus dikerjakan oleh seluruh jajaran partai,"" imbuh mantan Gubernur Bali itu.Koster tidak merinci target suara Ganjar-Mahfud untuk seluruh Bali. Politikus asal Desa Sembiran, Buleleng, itu hanya mengungkapkan target suara Ganjar-Mahfud di Kabupaten Buleleng mencapai 96 persen. Target untuk PDIP Buleleng itu menurutnya meningkat dari target suara pasangan Jokowi-Ma'ruf Amin sebesar 89 persen pada Pilpres 2019.Meski begitu, pada suatu kesempatan Koster berkeyakinan raihan suara Ganjar di Bali bisa mencapai 90 persen. Target itu dia ungkapkan di Lapangan Bajra Sandhi, Denpasar, pada 13 Agustus lalu. ""Yang penting, di Bali, Pak Ganjar harus (dapat suara) di atas 90 persen. Ya, saya optimistis (Ganjar menang),"" kata Koster ketika itu.Sebelumnya, Sekretaris DPD PDIP Bali I Gusti Ngurah Jaya Negara juga meyakini majunya Gibran sebagai cawapres Prabowo tak akan mudah memengaruhi pemilih muda di Pulau Dewata. Ia menilai anak muda di Bali saat ini sudah sangat cerdas menentukan pilihannya.""Mohon maaf anak muda di Bali punya pemikiran beda, apakah simbol anak muda atau program anak muda? Kan kuncinya ada di program,"" ujar Jaya Negara, Sabtu (28/10/2023).""Saya rasa presentasenya lebih banyak berpikir cerdas, program apa yang didapat dari masing-masing calon ini untuk anak muda ke depannya,"" ucap Wali Kota Denpasar itu."
Momen Selvi Semangati Ethes Tanding Basket, 30 Okt 2023 17:45 ,https://www.detik.com/jateng/berita/d-7010277/momen-selvi-semangati-ethes-tanding-basket,"Putra sulung Wali Kota Solo Gibran Rakabuming Raka, Jan Ethes Srinarendra mengikuti lomba bakset. Selain didampingi sang ayah, Ethes juga didampingi ibunda Selvi Ananda. Bahkan, Selvi tidak henti-hentinya memberikan semangat kepada sang putra selama bermain. Dari video yang diunggah di Instagram oleh akun @liga_solo 22 jam lalu terlihat Selvi yang datang ke GOR bersama Gibran. Sementara Ethes tengah bertanding dengan mengenakan jersey merah.Ethes terlihat men-drible bola selanjutnya memasukkan bola ke keranjang. Melihat ketangkasan sang putra, Selvi terus memberikan semangat. Sesekali ia terlihat bertepuk tangan sembari berteriak memberikan semangat kepada sang anak.SCROLL TO CONTINUE WITH CONTENTA post shared by Liga Solo (@liga_solo)Sementara, Gibran hanya terlihat tenang sembari menyaksikan Ethes berlaga. Tidak seperti sang istri yang terlihat heboh memberikan semangat untuk Ethes, Gibran hanya diam saja.Sesekali terlihat Selvi seperti mengucapkan kata 'awas..awas..awas,"" seperti yang ada di tampilan video seperti dilihat detikJateng, Senin (30/10/2023).Usai berlaga, Ethes menemui sang ayah Gibran di sudut GOR sembari membawa handuk warna merah. Gibran terlihat menghampirinya dan mengusapkan handuk ke kepala sang anak."
Alasan Gibran Tak Segera Balas WA FX Rudy: Blusukan Terus, 30 Okt 2023 17:44 ,https://www.detik.com/jateng/berita/d-7010272/alasan-gibran-tak-segera-balas-wa-fx-rudy-blusukan-terus,"Wali Kota Solo Gibran Rakabuming Raka mengaku sudah membalas ajakan bertemu dari Ketua DPC PDIP Kota Solo FX Hadi Rudyatmo via WhatsApp (WA). Gibran membalas dirinya akan mengatur waktu pertemuan tersebut.""Udah tak bales, udah tak bales, setelah beliau WA saya balas, 'Njih Pak nanti tak atur',"" kata Gibran di Balai Kota Solo, Senin (30/10/2023).Gibran mengaku selama dua hari ini tidak membuka pesan WhatsApp karena sibuk blusukan. Diketahui, selama dua hari ini Gibran melakukan blusukan ke Boyolali, Magelang, Wonosobo, Temanggung dan Salatiga.SCROLL TO CONTINUE WITH CONTENT""Iya aku rong dino (dua hari) blusukan terus,"" jelas Gibran.Meski begitu, Gibran menegaskan akan mengatur jadwal agar bisa segera bertemu dengan FX Rudy. Gibran sedang mengatur agar jadwalnya tidak tumpang tindih.""Dijadwalkan nanti saya carikan jadwal biar tidak tumpah tindih,"" tuturnya.Gibran menyebut pertemuan tersebut akan dilakukan secepatnya. Hanya saja, saat ditanya apakah pertemuan itu pada pekan ini, Gibran enggan menjawab.""Nanti secepatnya, (pekan ini) nanti ya nggih, soal KTA Nanti saya bicarakan dengan Pak ketua DPC dulu,"" pungkasnya.Ketua DPC PDIP Kota Solo FX Hadi Rudyatmo atau FX Rudy berencana untuk menemui Gibran Rakabuming Raka untuk membicarakan status Gibran di PDIP. Namun, Rudy mengaku masih menunggu pesan WhatsApp (WA) yang belum dibalas.Dari pesan WA yang ditunjukkan Rudy kepada wartawan, dia mengirimkan pesan permintaan untuk bertemu Wali Kota Solo tersebut pada hari Jumat (27/10) pukul 05.51 WIB. Namun, hingga sore pesan tersebut belum dibalas oleh Gibran.""Selamat pagi Mas Wali, mohon izin minta waktu kalau berkenan saya mau sowan Mas Wali,"" tulis pesan Rudy kepada Gibran tersebut, seperti dilihat detikJateng, Jumat (27/10).Adapun pesan tersebut ditandai centang dua yang menandakan sudah sampai pada penerima. Namun, Gibran tidak mengaktifkan fitur centang biru sehingga belum diketahui pesan itu sudah dibaca atau belum. Rudy pun mengirimkan pesan kepada ajudan Gibran yang langsung dibalas oleh ajudan Gibran.Rencananya, dalam pertemuan tersebut Rudy akan memberikan surat kepada Gibran. Surat itu berisi permintaan untuk mengembalikan kartu tanda anggota (KTA) PDIP dan permintaan kepada Gibran untuk mengundurkan diri sebagai anggota PDIP."
"Kabar Cawapres Bertemu Ma'ruf Besok, Cak Imin Ngaku Belum Dapat Undangan", 30 Okt 2023 17:03 ,https://news.detik.com/pemilu/d-7010147/kabar-cawapres-bertemu-maruf-besok-cak-imin-ngaku-belum-dapat-undangan,"Bakal calon wakil presiden (bacawapres) Koalisi Perubahan, Muhaimin Iskandar atau Cak Imin, menanggapi adanya rencana bacawapres bertemu dengan Wakil Presiden Ma'ruf Amin besok di Istana. Cak Imin menyebut belum mengetahui dan masih ada agenda di Jawa Timur sampai Rabu.""Belum, belum ada kabar. Sampai hari ini saya belum mendapatkan undangan sehingga saya belum tahu jadi atau tidak,"" kata Cak Imin dalam acara Haul Akbar, Stadion Kedok Turen, Kabupaten Malang, Jawa Timur, Senin (30/10/2023).Cak Imin mengatakan besok dirinya masih melakukan kunjungan di Jawa Timur. Rencananya, ia akan sampai di Jakarta Rabu mendatang.SCROLL TO CONTINUE WITH CONTENT""Ya, saya besok masih di Jawa Timur sampai hari Rabu,"" ungkapnya.Hari ini, Ganjar bersama Prabowo Subianto dan Anies Baswedan makan siang bareng Presiden Joko Widodo (Jokowi). Ganjar mengatakan besok hari ada undangan cawapres bertemu dengan Ma'ruf Amin.""Kalau nggak salah besok ada undangan cawapres akan bertemu degan wapres,"" kata Ganjar di Istana Kepresidenan Jakarta usai makan siang bersama Presiden Jokowi dan Bacawapres, Senin (30/10).""Ya nggak tahu, biar diatur. Saya cuma dikomunikasikan,"" katanya.Diketahui, saat ini terdapat tiga bacawapres yang sudah mendaftar ke KPU. Mereka adalah Mahfud Md yang berpasangan dengan Ganjar Pranowo, Muhaimin Iskandar yang berpasangan dengan Anies Baswedan, dan Gibran Rakabuming Raka yang berpasangan dengan Prabowo Subianto.Lihat Video 'Suasana Akrab Jokowi Bareng 3 Capres Makan Siang di Istana': [Gambas:Video 20detik]"
Jawaban Gibran Rakabuming Usai Hasto Ungkit Privilege, 30 Okt 2023 16:41 ,https://news.detik.com/pemilu/d-7010062/jawaban-gibran-rakabuming-usai-hasto-ungkit-privilege,"Sekretaris Jenderal (Sekjen) PDIP Hasto Kristiyanto merasa sedih dan terluka karena sudah memberikan privilege kepada Jokowi dan keluarganya, namun malah ditinggalkan. Wali Kota Solo sekaligus cawapres Prabowo Subianto, Gibran Rakabuming mengembalikan pandangan itu ke Hasto.""Ya itu monggo saya kembalikan lagi ke Pak Hasto, nggih (ya),"" kata Gibran di Balai Kota Solo, dilansir detikJateng, Senin (30/10/2023).Gibran tidak merespons banyak soal pernyataan Hasto tersebut. Ia lebih memilih untuk mengembalikan lagi ke Hasto.SCROLL TO CONTINUE WITH CONTENTSebelumnya, Hasto Kristiyanto mengungkapkan bahwa banyak kader partai yang tidak menyangka dengan keputusan dari keluarga Jokowi.""Ketika DPP partai bertemu dengan jajaran anak ranting dan ranting sebagai struktur partai paling bawah, banyak yang tidak percaya bahwa ini bisa terjadi,"" kata Hasto dalam keterangan tertulisnya, Minggu (29/10/2023).Hasto mengatakan PDIP memberikan keistimewaan atau privilege kepada Jokowi dan keluarga. Namun, pemberian partai berlambang banteng itu malah ditinggalkan Jokowi dan keluarga.Baca selengkapnya di sini.Simak Video 'Djarot Sebut Gibran Contoh yang Tidak Bagus, Ungkit Karpet Merah-Privilege': [Gambas:Video 20detik]"
"Djarot Ngaku PDIP Anti Dinasti Politik, Sebut Jokowi Ingin Gibran-Bobby Maju", 30 Okt 2023 16:34 ,https://news.detik.com/pemilu/d-7010034/djarot-ngaku-pdip-anti-dinasti-politik-sebut-jokowi-ingin-gibran-bobby-maju,"Ketua DPP PDIP Djarot Syaiful Hidayat menegaskan jika PDIP anti dengan dinasti politik. Djarot mengatakan PDIP selalu menghindari terjadinya dinasti politik.""Di dalam aturan partai, itu juga dirumuskan. PDI Perjuangan itu anti lho membikin dinasti itu,"" kata Djarot dalam diskusi Ganjar Center, di kawasan Matraman, Jakarta Timur, Senin (30/10/2023).Djarot mencontohkan dalam aturan PDIP, suami istri tidak boleh dicalonkan sebagai anggota legislatif di tingkatan yang sama. Hal itu, kata dia, agar tidak terjadi dinasti politik.SCROLL TO CONTINUE WITH CONTENT""Misalnya saya sebagai calon anggota DPR RI dari Sumatera Utara sana, istri saya juga DPR RI, nggak boleh. Jangan di satu dapil, beda dapil nggak boleh. Supaya tidak ada tadi, dinasti. Itu satu partai aja nggak boleh, apalagi beda partai, ah itu lebih nggak boleh lagi, dilarang,"" jelasnya.Dia menekankan jika PDIP melawan adanya dinasti politik. Sebab, kata dia, dinasti politik itu kini sudah menjadi pergunjingan di publik.""Untuk dinasti politik, PDIP berada digaris terdepan, jangan sampai terjadi. Ini ya untuk masalah dinasti politik karena ini sudah dipergunjingkan macam-macam,"" paparnya.Djarot lantas mengatakan jika yang terjadi pada Ketum PDIP Megawati Soekarnoputri bukanlah dinasti politik. Sebab, menurutnya, Megawati melalui penggemblengan terlebih dulu untuk menjadi seorang Presiden.""Oh dinasti politiknya Bung Karno, kan begitu. Saya katakan, 'oh nggak benar'. Betul bahwa Ibu Mega itu putrinya Bung Karno, tapi beliau melalui proses penggemblengan di dalam politik itu dari bawah dan ketika Bung Karno sudah wafat, puluhan tahun,"" ungkap dia.Termasuk, kata dia, yang terjadi kepada Puan Maharani. Dia menyebut Puan menjadi Ketua DPR RI ketika Megawati sudah tidak lagi menjabat sebagai Presiden.Djarot pun menilai hal itu berbeda dengan yang terjadi pada Presiden Joko Widodo (Jokowi). Menurutnya, Gibran Rakabuming Raka ingin naik ketika Jokowi masih menjabat sebagai Presiden.""Ini kalau masalah dinasti dari sisi keturunan. Ya keturunan, tapi bagaimana kita sekarang ini di masyarakat berkembang 'ini Pak Jokowi bangun dinasti'. Ya ketika dia berkuasa lho ya, ketika dia berkuasa. Betul di dalam proses demokrasi itu semua orang itu punya hak untuk dipilih dan memilih, boleh semuanya. Tapi ada etikanya, ada batas-batasnya, ada prosesnya ya,"" kata dia.Dia lantas mengatakan jika Gibran menjadi Wali Kota Solo juga berdasarkan keinginan dari Jokowi. Saat itu, kata Djarot, Jokowi meminta izin kepada PDIP agar Gibran dapat dibantu menjadi Wali Kota Solo.""Bukan apa-apa, saya buka aja di sini, itu Mas Gibran menjadi Wali Kota karena memang Pak Jokowi kader partai, ketika menginginkan anaknya untuk maju, 'izin maju' ya tentu dibantu. Bukan hanya anaknya, menantunya juga,"" tuturnya.""Tapi melalui proses juga, saya sampaikan, Mas Gibran misalkan, ketika mencalonkan Wali Kota, dia melalui proses, jadi anggota partai, bahkan ikut sekolah partai. Baru berarti dia diajukan, diusungkan, dan terpilih, itu pun melawan independen ya,"" imbuh dia.Simak Video 'Djarot Sebut Gibran Contoh yang Tidak Bagus, Ungkit Karpet Merah-Privilege':[Gambas:Video 20detik]"
Gibran Secepatnya Bicarakan KTA PDIP dengan FX Rudy, 30 Okt 2023 16:15 ,https://news.detik.com/pemilu/d-7009994/gibran-secepatnya-bicarakan-kta-pdip-dengan-fx-rudy,"Wali Kota Solo Gibran Rakabuming Raka akan menjadwalkan pertemuan dengan Ketua DPC PDIP Solo FX Hadi Rudyatmo. Rudy sebelumnya mengirimkan pesan WhatsApp meminta untuk bertemu.Gibran sendiri mengaku sudah menjawab pesan WhatsApp dari Rudy yang dikirimkan lada Jumat (27/10) lalu. Putra sulung Presiden Joko Widodo (Jokowi) itu akan menjadwalkannya terlebih dahulu.""Kan sudah saya jawab kemarin, nggih. Dijadwalkan nanti saya carikan jadwal biar tidak tumpang tindih,"" katanya di Balai Kota Solo seperti dikutip dari detikJateng, Senin (30/10/2023).SCROLL TO CONTINUE WITH CONTENTMenurutnya, pertemuan tersebut akan dilakukan secepatnya. Hanya saja, saat ditanya apakah pertemuan itu pada pekan ini, Gibran hanya menjawab akan bertemu secepatnya.""Nanti secepatnya, nanti ya, nggih, soal KTA nanti saya bicarakan dengan Pak Ketua DPC (FX Rudy) dulu,"" pungkasnya.Sebelumnya, Ketua DPC PDIP Kota Solo FX Hadi Rudyatmo atau FX Rudy berencana untuk menemui Gibran Rakabuming Raka untuk membicarakan status Gibran di PDIP. Hanya saja, Rudy menunggu pesan WhatsApp (WA) yang dikirimnya dibalas.Baca di sini.Simak Video 'Djarot Ngaku Gagal Tanamkan Ideologi PDIP, Contohkan Pembangkangan Gibran': [Gambas:Video 20detik]"
Gus Sadad: Ketua Parpol Jatim Representasi Nahdliyin Wakili Prabowo-Gibran, 30 Okt 2023 16:06 ,https://www.detik.com/jatim/berita/d-7009972/gus-sadad-ketua-parpol-jatim-representasi-nahdliyin-wakili-prabowo-gibran,"Ketua DPD Gerindra Jawa Timur Anwar Sadad buka suara soal banyak selentingan yang menyesalkan Prabowo Subianto tidak menggandeng cawapres asal Jatim dan pentolan Nahdlatul Ulama (NU).Gus Sadad, sapaan akrabnya menyatakan pemilihan Gibran menjadi cawapres karena Indonesia mendapat bonus demografi anak-anak muda yang melimpah.""Jangan lantas (cawapres) bukan dari Jatim, lalu melupakan Jatim. Bagi kami jelas Jatim itu sangat penting, siapapun bilang Jatim itu battle ground, provinsi paling ketat pertarungan di Pilpres 2024. Tapi kita juga melihat fakta bahwa generasi muda kita Gen Z, milenial itu di dalam DPT Pemilu 2024 melebihi 50%,"" kata Gus Sadad di Surabaya, Senin (30/10/2023).SCROLL TO CONTINUE WITH CONTENT""Ini masa-masa menyiapkan mereka melanjutkan pembangunan dan kepemimpinan. Karena kalau bukan sekarang, kapan lagi?"" tambahnya.Wakil Ketua DPRD Jatim ini menyebut, karakteristik anak-anak muda saat ini dididik dalam budaya dan kultur yang tidak lagi melihat asal-usul seseorang.""Kita lihat karakteristik anak muda, milenial, Gen Z adalah orang-orang yang dididik dalam suatu budaya, kultur yang tidak lagi melihat asal-usul, tapi tempat mereka mendapat kompetensi. Bahkan mereka disebut borderless society, bahkan citizen of world, mereka penduduk dunia tanpa dilihat daerah asal, tapi kompetensinya menghadapi tantangan zaman,"" bebernya.""Ini yang harus diambil, ceruk yang diambil. Bukan berarti Jatim tidak penting, sungguh Gibran itu sosok yang siap akan menjawab tantangan zaman,"" tambahnya.Keluarga Ponpes Sidogiri Pasuruan ini juga menegaskan bahwa Prabowo Subianto sangat menghormati ulama-ulama dan kiai NU. Pemilihan Gibran bukan berarti mengesampingkan para ulama, kiai NU.""Jangan ragu kita ini NU, saya di Gerindra, lalu Pak Sarmuji di Golkar, Mas Emil di Demokrat, Mas Rizki Sadig di PAN, di PSI, Gelora, Prima, dan Garuda semua ketua di Jatim orang NU. Kita semua sering ketemu bahkan di pondok-pondok pesantren,"" jelasnya.""Jadi tampilan Prabowo-Gibran di Jatim atau representasinya akan tergambar pada ketua-ketua parpol di Jatim yang kebetulan semuanya warga Nahdliyin,"" tambahnya.Gus Sadad menambahkan, setelah ini Gerindra dan parpol di Koalisi Indonesia Maju Jatim akan terus berkonsolidasi untuk memetakan kantong-kantong suara.""Kami segera melakukan komunikasi politik lengkap bersama 8 partai pengusung untuk mencapai kesepahaman. Dan yang paling penting menyusun strategi pemenangan berbekal basis kekuatan partai kita masing-masing,"" tandasnya."
"Viral Pimpin Rapat Pemenangan Gibran, Wamendes: Kapasitas Saya Relawan", 30 Okt 2023 16:05 ,https://news.detik.com/pemilu/d-7009969/viral-pimpin-rapat-pemenangan-gibran-wamendes-kapasitas-saya-relawan,"Beredar video Wamendes-PDTT Paiman Raharjo dinarasikan sedang memimpin acara pemenangan Gibran Rakabuming Raka di Pilpres 2024. Paiman menjelaskan momen itu merupakan acara relawan Sedulur Jokowi yang diketuai olehnya.Dilihat detikcom, Senin (30/10/2023), video itu memperlihatkan Paiman sedang berada di sebuah ruangan bersama sejumlah orang. Terdengar Paiman menjelaskan pembentukan struktur panitia pemenangan Gibran.Paiman mengatakan pertemuan itu merupakan rapat internal Sedulur Jokowi yang digelar di rumahnya, Minggu (29/10) sore. Dia membantah posisinya sebagai wamen dikaitkan dalam pertemuan itu.SCROLL TO CONTINUE WITH CONTENT""Saya ketua umumnya (Sedulur Jokowi). Jadi akhirnya teman-teman itu kan memutarbalikkan fakta. Itu kan saya nggak ada kaitannya dengan wamen. Orang di rumah saya, hari Minggu,"" kata Paiman saat dikonfirmasi.Paiman mengatakan rapat itu digelar untuk menindaklanjuti dinamika dukungan di internal kelompok relawan itu. Dia menekankan pihaknya tegak lurus dengan Presiden Jokowi terkait arah dukungan di pilpres. Dukungan itu, sebutnya, bermuara ke Gibran Rakabuming.""Rapat internal biasa. Cuma karena dinamika, kan pada bingung nih kita harus rapat, karena ada yang pengin ke sana, ada yang pengin ke sini. Ya konsolidasi. Kami sampaikan, yang sudah telanjur mendukung ke sana silakan. Tetapi karena kita namanya Sedulur Jokowi, ya harus tegak lurus. Karena perwakilan Jokowi, Gibran. Ya kita dukung ke Gibran. Itu aja,"" ujarnya.Paiman menegaskan dirinya sebagai ketum relawan tersebut sedang memberikan arahan kepada anggota menyikapi arah dukungan pilpres. Paiman menyebut dirinya tak masuk dalam kepanitiaan pemenangan di dalam relawan itu.""Ya jadi kan kapasitasnya kita adalah relawan. Saya kan memang relawan Sedulur Jokowi dari 2012, dan saya itu mengarahkan ke anggota saya, bukan ke masyarakat, ya kan. Yang kedua, bahwa ini belum masa kampanye gitu loh. Orang bicara apa aja boleh, gitu loh, dan saya bukan tim pemenangan salah satu kandidat, bukan tim pemenangan dari Gibran, sehingga saya ini memposisikan sebagai relawan memberikan sebuah arahan kepada anggota, anggota relawan saya gitu,"" katanya.Paiman mengklaim tetap netral di pilpres sebagai wamen. ""Jadi saya justru, saya supaya netral, makanya saya sampaikan, karena saya pejabat negara maka saya tidak ikut di dalam kepanitiaan, maka saya tidak usah ikut dan saya tidak usah tampil, kan ada bunyi seperti itu tidak usah tampil,"" katanya.Simak Video 'Masinton Sebut Gibran Sudah Disanksi Secara Tertutup': [Gambas:Video 20detik]"
Gibran Bilang Secepatnya Akan Ketemu FX Rudy Bahas soal KTA PDIP, 30 Okt 2023 15:58 ,https://www.detik.com/jateng/berita/d-7009955/gibran-bilang-secepatnya-akan-ketemu-fx-rudy-bahas-soal-kta-pdip,"Wali Kota Solo Gibran Rakabuming Raka akan menjadwalkan pertemuan dengan Ketua DPC PDIP Solo FX Hadi Rudyatmo. Pertemuan itu usai dirinya di WhatsApp (WA) oleh Rudy yang meminta untuk bertemu.Gibran sendiri mengaku sudah menjawab pesan WhatsApp dari Rudy yang dikirimkan lada Jumat (27/10) lalu. Putra sulung Presiden Joko Widodo (Jokowi) itu akan menjadwalkan terlebih dahulu.""Kan sudah saya jawab kemarin, nggih. Dijadwalkan nanti saya carikan jadwal biar tidak tumpah tindih,"" katanya di Balai Kota Solo, Senin (30/10/2023).SCROLL TO CONTINUE WITH CONTENTMenurutnya, pertemuan tersebut akan dilakukan secepatnya. Hanya saja, saat ditanya apakah pertemuan itu pada pekan ini, Gibran hanya menjawab akan bertemu secepatnya.""Nanti secepatnya, nanti ya, nggih, soal KTA Nanti saya bicarakan dengan Pak Ketua DPC (FX Rudy) dulu,"" pungkasnya.Sebelumnya, Ketua DPC PDIP Kota Solo FX Hadi Rudyatmo atau FX Rudy berencana untuk menemui Gibran Rakabuming Raka untuk membicarakan status Gibran di PDIP. Hanya saja, Rudy menunggu pesan WhatsApp (WA) yang dikirimnya dibalas.Dari pesan WA yang ditunjukkan Rudy kepada wartawan, dia mengirimkan pesan permintaan untuk bertemu Wali Kota Solo tersebut pada hari ini pukul 05.51 WIB. Namun, hingga sore pesan tersebut belum dibalas oleh Gibran.""Selamat pagi Mas Wali, mohon izin minta waktu kalau berkenan saya mau sowan Mas Wali,"" tulis pesan Rudy kepada Gibran tersebut, seperti dilihat detikJateng, Jumat (27/10/2023).Adapun pesan tersebut ditandai centang dua yang menandakan sudah sampai pada penerima. Hanya saja Gibran tidak mengaktifkan fitur centang biru sehingga belum diketahui pesan itu sudah dibaca atau belum.Rudy juga mengirimkan pesan kepada ajudan Gibran. Berbeda dari Gibran, pesan tersebut dibalas oleh ajudan Gibran.""Justru saya yang mau ke sana saya sudah WhatsApp beliau, yang balas ajudan. Kalau Mas Wali belum dijawab, baru dijawab ajudan,"" kata Rudy ditemui di kediamannya, Jumat (27/10) sore.Rencananya, dalam pertemuan tersebut Rudy akan memberikan surat kepada Gibran. Surat itu berisi permintaan untuk mengembalikan kartu tanda anggota (KTA) PDIP dan permintaan kepada Gibran untuk mengundurkan diri sebagai anggota PDIP."
"Djarot: Saya Gagal Beberapa Hal, Termasuk Pembangkangan Mas Gibran", 30 Okt 2023 15:26 ,https://news.detik.com/pemilu/d-7009887/djarot-saya-gagal-beberapa-hal-termasuk-pembangkangan-mas-gibran,"Ketua DPP PDIP Djarot Saiful Hidayat mengaku merasa gagal menjadi Ketua Bidang Ideologi PDIP. Salah satu kegagalan itu, kata Djarot, soal Gibran Rakabuming yang menjadi cawapres Prabowo Subianto.""Saya gagal. Di beberapa hal saya gagal. Termasuk misalnya pembangkangan Mas Gibran, misalnya,"" kata Djarot dalam diskusi Ganjar Center, di kawasan Matraman, Jakarta Timur, Senin (30/10/2023).Padahal, kata Djarot, di dalam Sekolah Partai, dirinya selalu menyuarakan dan menanamkan tiga hal kepada para kader. Djarot mengatakan pesan tersebut seperti disiplin, loyal dan ikhlas.SCROLL TO CONTINUE WITH CONTENT""Di dalam membangun ideologi dan kaderisasi itu, selalu dibahas digelorakan tiga. Satu disiplin, selalu disiplin. Disiplin bicara, disiplin teori, disiplin waktu,"" paparnya.""Kedua loyal, jadi kader itu dididik betul untuk loyal. Loyal terhadap apa? Loyal terhadap ideologi, loyal terhadap tujuan negara, dan loyal kepada aturan partai. Loyal. Ketiga, ikhlas. Jadi disiplin, loyal, ikhlas,"" sambung dia.Djarot lantas menilai jika tiga hal itu tidak ada dalam diri Gibran, maka terjadilah pembangkangan. Dia pun menyebut hal itu membuat dirinya merasa gagal.""Tidak ada loyalitas, tidak ada disiplin, tidak ada ikhlas, tidak ada semua,"" ungkapnya.Dia pun merasa prihatin dengan apa yang terjadi saat ini. Menurutnya, yang kini terjadi hanyalah demi sebuah kekuasaan.""Saya merasa aduh, rasanya itu, gimana ya, tertusuk duri ya. Prihatin. Ternyata semua nilai-nilai yang kita tanamkan di Sekolah Partai, ya masih ada yang seperti itu hanya demi kekuasaan semata,"" lanjut Djarot.Kemudian, Djarot pun membandingkan hal tersebut dengan sosok Ganjar Pranowo. Menurutnya, Ganjar merupakan salah satu kader yang berhasil dididik lantaran tetap teguh di PDIP, meski banyak partai lain yang ingin Ganjar bergabung.""Maaf-maaf saya merasa bersalah dan saya bersalah. Saya merasa gimana ya, gagal. Tetapi gagal satu-dua tetapi banyak yang berhasil. Yang berhasil itu Mas Ganjar Pranowo, itu termasuk yang sangat berhasil,"" jelasnya.""Iya dong, karena Mas Ganjar kan pernah dirayu-rayu kan sebelumnya oleh partai yang lain, dirayu-rayu, dia bilang 'ndak', saya kader PDIP,"" imbuhnya."
"Respons Hasto soal Isu Kartu Truf, Nusron: Kami Beri Kesempatan Anak Muda", 30 Okt 2023 15:23 ,https://news.detik.com/pemilu/d-7009875/respons-hasto-soal-isu-kartu-truf-nusron-kami-beri-kesempatan-anak-muda,"Politisi Partai Golkar Nusron Wahid merespons pernyataan Sekretaris Jenderal (Sekjen) PDIP Hasto Kristiyanto soal isu kartu truf. Menurut Hasto, para ketua umum partai politik pendukung Prabowo-Gibran tersandera kartu truf dan tekanan kekuasaan, sehingga terpaksa mencalonkan Gibran.Menurut Nusron, alasan utama yang membuat partai politik memberikan dukungannya kepada Prabowo-Gibran adalah memberikan kesempatan kepada anak muda, bukan karena kartu truf sebagaimana yang disebut oleh Hasto.""Soal memilih Gibran, kami memilihnya karena kami memberikan kepercayaan dan kesempatan kepada anak muda agar memimpin bangsa Indonesia, bukan karena kartu truf. Justru karena Gibran menjamin keberlangsungan kartu-kartu 'sakti' dari pemerintahan Presiden Joko Widodo,"" ujar Nusron dalam keterangan tertulis. SCROLL TO CONTINUE WITH CONTENTNusron menambahkan bahwa 'Kartu Sakti' tersebut merupakan Kartu Indonesia Pintar (KIP), Kartu Indonesia Sehat (KIS), Kartu Prakerja, Kartu Anak Sehat, dan yang lainnya. Kartu-kartu yang menurutnya telah membawa banyak manfaat untuk Indonesia.""Seperti Kartu Indonesia Pintar (KIP), KIP Kuliah, Kartu Indonesia Sehat (KIS), Kartu Prakerja, Kartu Anak Sehat. Kartu-kartu itu yang justru membawa kemanfaatan untuk rakyat Indonesia. Dorongan dari suara rakyat tersebut yang membuat kami memilih Gibran. Bukan kartu truf,"" tambahnya.Nusron menambahkan, soal anggapan Hasto mengenai pembangkangan konstitusi dan rekayasa hukum di Mahkamah Konstitusi (MK), justru Presiden Jokowi adalah figur yang taat dan patuh terhadap konstitusi dan rakyat. Hal ini terbukti dari sikap Presiden Jokowi yang tidak berpendapat apapun terkait berita pencalonan Gibran sebagai cawapres Prabowo, sebelum ada landasan konstitusionalnya.""Tidak ada istilah pembangkangan rakyat, justru ingin memenuhi panggilan dari rakyat, bukan panggilan dari partai. Sebab, sejak awal Pak Jokowi menjadi Presiden dan Mas Gibran menjadi Wali Kota Solo adalah untuk mengabdi dan melayani rakyat, bukan untuk mengabdi dan melayani partai. Karena hakikat seorang pemimpin adalah petugas rakyat, bukan petugas partai,"" ungkapnya.Selanjutnya, terkait keanggotaan Gibran di partai Golkar, Nusron menambahkan jika sampai saat ini Gibran belum menjadi kader Golkar dan tidak memaksakan agar Gibran masuk. Menurutnya, biarlah semuanya mengalir dan segala keputusan ada di tangan Gibran.""Biarkan semua mengalir dan kami serahkan sepenuhnya ke Mas Gibran. Saat ini fokus kami adalah bagaimana pasangan Prabowo-Gibran bisa menang, bukan mengejar status dan keanggotaan Mas Gibran di partai Golkar,"" tutupnya.Simak juga Video 'Djarot Ngaku Gagal Tanamkan Ideologi PDIP, Contohkan Pembangkangan Gibran': [Gambas:Video 20detik]"
